Category,LULC,Coastal,Surveyor,Date,Notes,LULC_code,geometry
Roads,Settlement,Rubble,Nathaniel Lawevuso,2026-09-09,Near L64 building ,5.0,POINT Z (178.4524188244281 -18.149170876460676 0)
Other,Grassland,,Nathaniel Lawevuso,2026-09-09,Near the Fletcher road,3.0,POINT Z (178.45253234834524 -18.149058059413417 0)
Roads,Settlement,,Nathaniel Lawevuso,2026-09-09,Near Ln1 building ,5.0,POINT Z (178.45269347355293 -18.149360570056814 7.376897958107293)
,Grassland,Sediment,Nathaniel Lawevuso,2026-09-09,Under the palm tree beside the road,3.0,POINT Z (178.45280390012744 -18.149529864311756 6.953346071764827)
Drainage,Settlement,,Nathaniel Lawevuso,2026-09-09,Beside the tree,5.0,POINT Z (178.4529254447182 -18.14964700994943 8.648337364196777)
Commercial buildings  zones,Settlement,,Nathaniel Lawevuso,2026-09-09,L70 Building ,5.0,POINT Z (178.4527860315853 -18.149722185968308 0)
Biodiversity sites,Grassland,,Nathaniel Lawevuso,2026-09-09,Beside L70 building ,3.0,POINT Z (178.45268817401865 -18.14980989425448 0)
Other,Grassland,,Nathaniel Lawevuso,2026-09-09,Out in the field ,3.0,POINT Z (178.45254914726087 -18.149870536785738 7.904560145922005)
Other,Grassland,,Nathaniel Lawevuso,2026-09-09,Beside the drainage area,3.0,POINT Z (178.4524266091179 -18.14986936314311 6.543363669887185)
,Grassland,,Nathaniel Lawevuso,2026-09-09,,3.0,POINT Z (178.45234016318463 -18.14979837169895 7.077025624923408)
Other,Grassland,,Nathaniel Lawevuso,2026-09-09,Near The J containers ,3.0,POINT Z (178.45225307655855 -18.149712514437216 8.218188996426761)
,Grassland,Rubble,Nathaniel Lawevuso,2026-09-09,Mixtures of rocks grass in th area,3.0,POINT Z (178.45217954556725 -18.149650840642064 10.148212219588459)
,,,Kijiana ,2026-09-09,,,POINT Z (178.45406881 -18.15086495 63.29669189453125)
,Settlement,,Kijiana ,2026-09-09,,5.0,POINT Z (178.45428267999995 -18.15091756 63.4090576171875)
,Settlement,,Kijiana ,2026-09-09,,5.0,POINT Z (178.45417049999995 -18.15084637 64.61077880859375)
,Settlement,,Kijiana ,2026-09-09,,5.0,POINT Z (178.45406925999998 -18.15091307 64.380859375)
,Settlement,,Kijiana ,2026-09-09,,5.0,POINT Z (178.45400027 -18.15082794 64.235595703125)
,Settlement,,Kijiana ,2026-09-09,,5.0,POINT Z (178.45393931 -18.15070891 62.45831298828125)
,Settlement,,Kijiana ,2026-09-09,,5.0,POINT Z (178.45381756 -18.15067229 62.37677001953125)
,Settlement,,Kijiana ,2026-09-09,,5.0,POINT Z (178.45371602999998 -18.15064735 62.21368408203125)
,Settlement,,Kijiana ,2026-09-09,,5.0,POINT Z (178.45360826000004 -18.15072385999999 65.14801025390625)
,Settlement,,Kijiana ,2026-09-09,,5.0,POINT Z (178.45350669999996 -18.15073332 64.92877197265625)
,Settlement,,Kijiana ,2026-09-09,,5.0,POINT Z (178.45340098999998 -18.15073215 65.2877197265625)
,Settlement,,Kijiana ,2026-09-09,,5.0,POINT Z (178.45329466999996 -18.15072236 64.0035400390625)
,Settlement,,Kijiana ,2026-09-09,,5.0,POINT Z (178.45317263 -18.15070582 64.9527587890625)
,Forest,,Kijiana ,2026-09-09,,2.0,POINT Z (178.45254045999997 -18.15060911 64.16546630859375)
,Settlement,,Kijiana ,2026-09-09,,5.0,POINT Z (178.45224643214013 -18.150526570323258 0)
,Forest,,Kijiana ,2026-09-09,,2.0,POINT Z (178.45246517115487 -18.1502658004421 0)
,Forest,,Kijiana ,2026-09-09,,2.0,POINT Z (178.45246517115487 -18.1502658004421 0)
,Forest,,Kijiana ,2026-09-09,,2.0,POINT Z (178.45246517115487 -18.1502658004421 0)
,Grassland,,Kijiana ,2026-09-09,,3.0,POINT Z (178.45243826433713 -18.150046191764826 0)
,Settlement,,Kijiana ,2026-09-09,,5.0,POINT Z (178.45237053 -18.14928243 65.0023193359375)
,Settlement,,Kijiana ,2026-09-09,,5.0,POINT Z (178.45254259348505 -18.14919562150199 0)
,Grassland,,Kijiana ,2026-09-09,,3.0,POINT Z (178.45254259348505 -18.14919562150199 0)
,Settlement,,Kijiana ,2026-09-09,,5.0,POINT Z (178.45293396295187 -18.149159560249185 0)
,Forest,,Kijiana ,2026-09-09,,2.0,POINT Z (178.45293396295187 -18.149159560249185 0)
,Settlement,,Kijiana ,2026-09-09,,5.0,POINT Z (178.4535635274571 -18.14920429196382 0)
,Forest,,Kijiana ,2026-09-09,,2.0,POINT Z (178.45357730443354 -18.149271224714102 0)
,Settlement,,Kijiana ,2026-09-09,,5.0,POINT Z (178.45357730443354 -18.149271224714102 0)
,Settlement,,Kijiana ,2026-09-09,,5.0,POINT Z (178.45408246085887 -18.149197543874728 0)
,Grassland,,Kijiana ,2026-09-09,,3.0,POINT Z (178.45408246085887 -18.149197543874728 0)
,Grassland,,Kijiana ,2026-09-09,,3.0,POINT Z (178.453913 -18.14998428 66.05816650390625)
,Grassland,,Kijiana ,2026-09-09,,3.0,POINT Z (178.45418936999997 -18.15000127 69.4603271484375)
,Settlement,,Kijiana ,2026-09-09,,5.0,POINT Z (178.45463571922835 -18.149933336642533 0)
,Water,,Kijiana ,2026-09-09,,6.0,POINT Z (178.45463571922835 -18.149933336642533 0)
,Water,,Kijiana ,2026-09-09,,6.0,POINT Z (178.45425233 -18.15030849 62.4913330078125)
,Settlement,,Kijiana ,2026-09-09,,5.0,POINT Z (178.45386407 -18.15052818 66.62957763671875)
,Grassland,,,,,3.0,POINT Z (178.45367392884202 -18.150067536559103 0)
,,,Kushal,,,,POINT Z (178.4527212199955 -18.149269449153312 0)
,Grassland,,Kushal,2026-09-09,,3.0,POINT Z (178.45369704709418 -18.150068793859788 8.60065969824791)
,Grassland,,Kushal,2026-09-09,,3.0,POINT Z (178.45386212312383 -18.150098555423572 8.11339672934264)
,Grassland,,Kushal,2026-09-09,,3.0,POINT Z (178.45393075589666 -18.150161118520305 7.278283989056945)
,Grassland,,Kushal,2026-09-09,,3.0,POINT Z (178.45399692315445 -18.150214741088398 6.668681685812771)
,Grassland,,Kushal,2026-09-09,,3.0,POINT Z (178.45406523921866 -18.150275459516052 6.621863161213696)
,Grassland,,Kushal,2026-09-09,,3.0,POINT Z (178.45406399885513 -18.150297397589462 6.116976029239595)
,Grassland,,Kushal,2026-09-09,,3.0,POINT Z (178.45405757982167 -18.15040970258129 11.25299072265625)
,Grassland,,Kushal,2026-09-09,,3.0,POINT Z (178.45391378754599 -18.150350279189674 9.514831404201686)
,Grassland,,Kushal,2026-09-09,,3.0,POINT Z (178.45373111541684 -18.15031179480232 7.402475195005536)
,Grassland,,Kushal,2026-09-09,,3.0,POINT Z (178.4537539123862 -18.150177388453397 7.918911446817219)
,Grassland,,Kushal,2026-09-09,,3.0,POINT Z (178.4538113606893 -18.1500097643753 13.99237060546875)
,Grassland,,Kushal,2026-09-09,,3.0,POINT Z (178.45381300716332 -18.149847393307713 8.179323663935065)
,Grassland,,Kushal,2026-09-09,,3.0,POINT Z (178.45404895309218 -18.149823023393672 7.047231649979949)
,Forest,,Kushal,2026-09-09,,2.0,POINT Z (178.4539220864298 -18.149308080023644 0)
,Forest,,Kushal,2026-09-09,,2.0,POINT Z (178.45394953725096 -18.149435244783053 0)
,,Rock,Kushal,2026-09-09,,,POINT Z (178.4543155443218 -18.150854464391454 0)
,,Rock,Kushal,2026-09-09,,,POINT Z (178.45424201295964 -18.150768640140196 0)
,,Rock,Kushal,2026-09-09,,,POINT Z (178.45412785101453 -18.150590748895517 0)
,,Sand,Kushal ,2026-09-09,,,POINT Z (178.45418798604686 -18.15038040666472 0)
,,Rock,Kushal,2026-09-09,,,POINT Z (178.45441486086278 -18.150233205870414 0)
,,Sand,Kushal,2026-09-09,,,POINT Z (178.45459189116121 -18.150143368745585 0)
,Forest,Sand,Kushal,2026-09-09,,2.0,POINT Z (178.4548644719809 -18.150058466689032 0)
,,Deeps,Kushal,2026-09-09,,,POINT Z (178.45442397830496 -18.150663830661 0)
,,Rock,Kushal,2026-09-09,,,POINT Z (178.45585208017945 -18.150600699110896 0)
,,Rock,Kushal,2026-09-09,,,POINT Z (178.456207270095 -18.150974767608005 0)
,,Rock,Kushal,2026-09-09,,,POINT Z (178.4565539570418 -18.151344092234414 0)
,,Rock,Kushal,2026-09-09,,,POINT Z (178.45687437435782 -18.151654661625937 0)
,,Rock,Kushal,2026-09-09,,,POINT Z (178.45725359320872 -18.152000117125414 0)
,,Rock,Kushal,2026-09-09,,,POINT Z (178.4579253361484 -18.152606783182634 0)
,,Rock,Kushal,2026-09-09,,,POINT Z (178.45848159001565 -18.15337009073403 0)
,,Rock,Kushal,2026-09-09,,,POINT Z (178.45844818201462 -18.15445121367601 0)
,,,,,,,POINT Z (178.45798138654928 -18.15511337906921 0)
,,Deeps,Kushal,2026-09-09,,,POINT Z (178.45499668331513 -18.150683651452347 0)
,,Deeps,Kushal,2026-09-09,,,POINT Z (178.45477513452258 -18.150946177719582 0)
,,Deeps,Kushal,2026-09-09,,,POINT Z (178.45451369141665 -18.15111614692102 0)
,Settlement,,Kushal,2026-09-09,,5.0,POINT Z (178.4540261697234 -18.150864419018788 4.870349422097206)
,Settlement,,Kushal,2026-09-09,,5.0,POINT Z (178.454064203454 -18.1507180990264 0)
,Settlement,,Kushal,2026-09-09,,5.0,POINT Z (178.4539390023744 -18.150800071935844 4.309371713548899)
,Settlement,,Kushal,2026-09-09,,5.0,POINT Z (178.45388384550787 -18.150695008230013 0)
,Settlement,,Kushal,2026-09-09,,5.0,POINT Z (178.45373908292802 -18.150697799995807 4.456912057474256)
,Settlement,,Kushal,2026-09-09,,5.0,POINT Z (178.45370083134108 -18.150590532737425 0)
,Forest,,Kushal,2026-09-09,,2.0,POINT Z (178.45342065010792 -18.150415732411133 0)
,Forest,,Kushal,2026-09-09,,2.0,POINT Z (178.453086493703 -18.150409958342223 7.29876708984375)
,Forest,,Kushal,2026-09-09,,2.0,POINT Z (178.45289132687637 -18.15036073748485 5.803624066524208)
,Forest,,Kushal,2026-09-09,,2.0,POINT Z (178.45310584428282 -18.15018045665555 0)
,Forest,,Kushal,2026-09-09,,2.0,POINT Z (178.45247019693747 -18.149556172874647 0)
,Forest,,Kushal,2026-09-09,,2.0,POINT Z (178.45265652714497 -18.149482561217084 0)
,Forest,,Kushal ,2026-09-09,,2.0,POINT Z (178.4527168554357 -18.14966076520232 0)
,Forest,,Kushal,2026-09-09,,2.0,POINT Z (178.45262486124747 -18.14976760831434 0)
,Settlement,,Kushal,2026-09-09,,5.0,POINT Z (178.45277818489447 -18.14976868753736 0)
,Forest,,Kushal ,2026-09-09,,2.0,POINT Z (178.4523485997173 -18.149770722633903 0)
,Forest,,Kushal,2026-09-09,,2.0,POINT Z (178.45281282219435 -18.149591309295563 0)
,Forest,,Kushal,2026-09-09,,2.0,POINT Z (178.4541591061459 -18.149956347059536 0)
,Forest,,Kushal ,2026-09-09,,2.0,POINT Z (178.4526101152942 -18.14961450681496 0)
,Forest,,Kushal,2026-09-09,,2.0,POINT Z (178.4525109236426 -18.1496831966677 0)
,Settlement,,Tushaal ,2026-09-09,,5.0,POINT Z (178.45399166666664 -18.150776666666665 51.6)
,Settlement,,Tushaal,2026-09-09,,5.0,POINT Z (178.45389 -18.150691666666667 53.8)
,Settlement,,Tushaal ,2026-09-09,,5.0,POINT Z (178.45370666666662 -18.150578333333332 57.8)
,Settlement,,Tushaal ,2026-09-09,,5.0,POINT Z (178.45362333333333 -18.150505 54.5)
,Forest,,Tushaal,2026-09-09,,2.0,POINT Z (178.45317333333332 -18.1504 58.4)
,Grassland,,Tushal ,2026-09-09,,3.0,POINT Z (178.45379833333334 -18.15006 57.6)
,Grassland,,Tushaal,,,3.0,POINT Z (178.45386666666667 -18.150015 54.7)
,Grassland,,Tushal,2026-09-09,,3.0,POINT Z (178.45398333333335 -18.15000166666666 53.5)
,Grassland,,Tushaal,2026-09-09,,3.0,POINT Z (178.45403166666662 -18.150086666666663 52.8)
,Grassland,,Tushal,2026-09-09,,3.0,POINT Z (178.45417166666664 -18.150261666666665 50.9)
,Grassland,,Tushaal,2026-09-09,,3.0,POINT Z (178.4540433333333 -18.15047166666666 48.1)
,Grassland,,Tushal,2026-09-09,,3.0,POINT Z (178.4540433333333 -18.15060833333333 51.5)
,Grassland,,Tushaal,2026-09-09,,3.0,POINT Z (178.4538466666667 -18.150413333333333 58.4)
,Grassland,,Tushal,2026-09-09,,3.0,POINT Z (178.45371666666665 -18.15024833333333 54.1)
,Grassland,,Tushaal,2026-09-09,,3.0,POINT Z (178.45369333333332 -18.150065 50.8)
,Grassland,,Tushal,2026-09-09,,3.0,POINT Z (178.45402655027692 -18.149742184914672 0)
,Grassland,,Tushaal,2026-09-09,,3.0,POINT Z (178.45391833333335 -18.149911666666664 51.6)
,Forest,,Tushaal ,2026-09-09,,2.0,POINT Z (178.45401417920704 -18.149300075269526 0)
,Forest,,Tushaal,2026-09-09,,2.0,POINT Z (178.45353079299747 -18.149417382447307 0)
,,Sand,Tushaal ,2026-09-09,,,POINT Z (178.4545294154064 -18.15014472631044 0)
,,Sand,Tushal,2026-09-09,,,POINT Z (178.45448786731154 -18.150322981224345 0)
,,Sand,Tushal,2026-09-09,,,POINT Z (178.4543214509184 -18.1504289418962 0)
,,Sand,Tushal,2026-09-09,,,POINT Z (178.45474237520898 -18.150239497106824 0)
,,Deeps,Tushal,2026-09-09,,,POINT Z (178.45877369983916 -18.156220346056962 0)
,,Rock,Tushaal,2026-09-09,,,POINT Z (178.4569306273229 -18.156292099661144 0)
,Settlement,,Tushaal,2026-09-09,,5.0,POINT Z (178.45401091034364 -18.15083330059416 0)
,,,Tushaal ,,,,POINT Z (178.452635 -18.149305 54)
,Settlement,,Tushaal,2026-09-09,,5.0,POINT Z (178.452680218738 -18.149349273978718 0)
,Grassland,,Tushaal,2026-09-09,,3.0,POINT Z (178.45374 -18.15007166666667 55)
,Forest,,Tushaal,2026-09-09,,2.0,POINT Z (178.45296 -18.15029666666667 63.3)
,Forest,,Tushaal ,2026-09-09,,2.0,POINT Z (178.45305333333332 -18.150196666666666 60.8)
,Forest,,Tushaal,2026-09-09,,2.0,POINT Z (178.45262166666666 -18.14946 57.7)
,Forest,,Tushaal ,2026-09-09,,2.0,POINT Z (178.45282572857286 -18.14958844727086 0)
,Forest,,Tushaal ,2026-09-09,,2.0,POINT Z (178.45305933582998 -18.149876488593673 0)
,Forest,,Tushaal ,2026-09-09,,2.0,POINT Z (178.45277963014308 -18.149902360249975 0)
,Forest,,Tushaal ,2026-09-09,,2.0,POINT Z (178.45335517810852 -18.149235552977288 0)
,Grassland,,Tushaal ,2026-09-09,,3.0,POINT Z (178.45418406871704 -18.1500386447764 0)
Roads,Settlement,Rubble,Samansen,2026-09-09,,5.0,POINT Z (178.45251718086027 -18.149203078920998 0)
Roads,Settlement,Rubble,Samansen ,2026-09-09,On footpath infront of building ,5.0,POINT Z (178.45232332125306 -18.149393945932385 59)
Other,Grassland,Sediment,Samansen ,2026-09-09,Used to be a computer lab site,3.0,POINT Z (178.4524225629866 -18.14959896728396 66)
Roads,Settlement,Rubble,Samansen ,2026-09-09,Road,5.0,POINT Z (178.45276596955955 -18.149460582062602 64)
Roads,Settlement,Rubble,Samansen ,2026-09-09,,5.0,POINT Z (178.45292539335784 -18.14964079298079 63)
Flood Drainage channels,Settlement,Sediment,Samansen ,2026-09-09,,5.0,POINT Z (178.45287141390142 -18.14987481571734 65)
Roads,Settlement,Rubble,Samansen ,2026-09-09,,5.0,POINT Z (178.45313938334584 -18.149884161539376 65)
Roads,Settlement,Rubble,Samansen ,2026-09-09,,5.0,POINT Z (178.45324097201225 -18.149981517344713 67)
Dumpsite,Settlement,Sediment,Samansen ,,Recycling plastics site,5.0,POINT Z (178.45334834419188 -18.150125350803137 71)
Other,Grassland,,Samansen ,2026-09-09,Lower campus lawn,3.0,POINT Z (178.45390641130504 -18.150035035796456 68)
Other,Grassland,,Samansen ,2026-09-09,Lower campus lawn,3.0,POINT Z (178.4540999494493 -18.15003071911633 66)
Other,Grassland,,Samansen ,2026-09-09,Lower campus lawn,3.0,POINT Z (178.45427085645494 -18.150060852058232 65)
Other,Grassland,,Samansen ,2026-09-09,Lower campus lawn,3.0,POINT Z (178.45449800603092 -18.150065378285944 67)
Slope,Water,Sand,Samansen ,2026-09-09,Coastline,6.0,POINT Z (178.45481584779915 -18.150097355246544 66)
Other,Water,Rock,Samansen ,2026-09-09,Coastline,6.0,POINT Z (178.454242022708 -18.150304346345365 63)
Other,Settlement,,Samansen ,2026-09-09,Building,5.0,POINT Z (178.4540375880897 -18.150635431520637 67)
Other,Settlement,Rubble,Samansen ,2026-09-09,FZ4,5.0,POINT Z (178.45424319617447 -18.15092276316136 67)
,,,,,,,POINT Z (178.45396008077353 -18.150768225163038 0)
Roads,Settlement,Rubble,GraceH,2026-09-09,Next to mango tree,5.0,POINT Z (178.4524465354207 -18.149216476404707 0)
Other,Grassland,,GraceH,2026-09-09,Near laboratory,3.0,POINT Z (178.4523616666666 -18.149003333333333 64.5)
Other,Grassland,,GraceH,2026-09-09,Near GSlab,3.0,POINT Z (178.452585 -18.149215 59.7)
Other,Settlement,,GraceH,2026-09-09,Near carpark,5.0,POINT Z (178.452765 -18.14952 59.7)
Roads,Settlement,Rock,GraceH,2026-09-09,Near footpath,5.0,POINT Z (178.45292890791063 -18.149661093911664 0)
Roads,Settlement,Rock,GraceH,2026-09-09,Near office,5.0,POINT Z (178.45319166666667 -18.149831666666667 57.5)
Roads,Settlement,Rock,GraceH,2026-09-09,Near lab,5.0,POINT Z (178.45341833333333 -18.150033333333333 57.2)
Other,Settlement,Rock,GraceH,2026-09-09,Near restuarant,5.0,POINT Z (178.45366 -18.150241666666656 60.4)
Other,Settlement,,GraceH,2026-09-09,Lower campus grounds,5.0,POINT Z (178.45385333333326 -18.15023 62.3)
Other,Grassland,,GraceH,2026-09-09,Lower grounds,3.0,POINT Z (178.454485 -18.150138333333334 60.1)
Other,Water,Rock,GraceH,2026-09-09,Between beach and grounds,6.0,POINT Z (178.454165 -18.15038 59.4)
Other,Settlement,Rock,GraceH,2026-09-09,Near building,5.0,POINT Z (178.4541583333333 -18.15076333333333 62.3)
Roads,Settlement,Rubble,Taraivini,2026-09-09,Road is next to mangoe tree,5.0,POINT Z (178.45244282130153 -18.149233679002243 0)
Rubbish collection points,Settlement,Rock,Taraivini,2026-09-09,Behind the container,5.0,POINT Z (178.45204499145314 -18.149434262712898 0)
Other,Grassland,Rock,Taraivini,2026-09-09,This point is behind a breadfruit tree,3.0,POINT Z (178.45238978564254 -18.149633392461546 0)
Other,Grassland,Rock, Taraivini,2026-09-09,This point is in the back of Sunderland Lab,3.0,POINT Z (178.45289175819008 -18.149391235669892 0)
Roads,Settlement,Rubble,Taraivini,2026-09-09,Point is in front of lecture theater ,5.0,POINT Z (178.45319265543304 -18.149907470281093 0)
Other,Grassland,,Taraivini,2026-09-09,Point is behind the bure,3.0,POINT Z (178.4537882299844 -18.15013746860124 0)
Other,Grassland,,Taraivini,2026-09-09,Point is on the playground ,3.0,POINT Z (178.45401586085794 -18.15022019623708 0)
Other,Grassland,,Taraivini ,2026-09-09,Point is in the playground ,3.0,POINT Z (178.45431982046162 -18.15011718092994 0)
Other,Grassland,,Taraivini,2026-09-09,Point is in the playground ,3.0,POINT Z (178.45405073707363 -18.149777413817134 0)
Other,Grassland,Sand,Taraivini,2026-09-09,Point on the playground near the coastline,3.0,POINT Z (178.45448920205962 -18.149858253856948 0)
Sites of rubbish washed ashore,Bareland,Sand,Taraivini,2026-09-09,Point along the Coastline along lower campus,,POINT Z (178.45458787400318 -18.150158109043335 0)
Other,Settlement,Rubble,Taraivini,2026-09-09,Point is right beside FZ4,5.0,POINT Z (178.45425115217495 -18.150887685658184 0)
,,,Taneiti Tekena ,2026-09-09,,,POINT Z (178.4522722678821 -18.148644826063382 0)
,Grassland,,,,,3.0,POINT Z (178.45414072773937 -18.15040779427142 0)
,Grassland,,,,,3.0,POINT Z (178.45415316666666 -18.15023225 49.4)
,Grassland,,,,,3.0,POINT Z (178.45389819999997 -18.150438783333332 53.9)
,Forest,,,,,2.0,POINT Z (178.4539062417017 -18.149415534666023 0)
,Forest,,,,,2.0,POINT Z (178.45384128256285 -18.14963682603456 0)
,Water,Deeps,Taneiti Tekena ,2026-09-09,,6.0,POINT Z (178.4533698551041 -18.152495386857744 0)
,,,,,,,POINT Z (178.45396617003976 -18.150772992735952 0)
,Settlement,,Taneiti,2026-09-09,,5.0,POINT Z (178.45396617003976 -18.150772992735952 0)
,Settlement,,Taneiti,2026-09-09,,5.0,POINT Z (178.45389788801 -18.15070951181317 0)
,Settlement,,Taneiti,2026-09-09,,5.0,POINT Z (178.453845039282 -18.150744952678814 0)
,Forest,,Taneiti,2026-09-09,,2.0,POINT Z (178.45303267684073 -18.150194820050523 0)
,Forest,,Taneiti,2026-09-09,,2.0,POINT Z (178.45308844795517 -18.150355811562132 0)
,Forest,,Taneiti,2026-09-09,,2.0,POINT Z (178.4530402319632 -18.150082979803038 0)
,Grassland,,Taneiti,2026-09-09,,3.0,POINT Z (178.4519770332265 -18.14931626449946 0)
,Grassland,,Taneiti,2026-09-09,,3.0,POINT Z (178.4520652417216 -18.149405396751767 0)
,Grassland,,Taneiti ,2026-09-09,,3.0,POINT Z (178.4520405829208 -18.14922770451475 0)
,Settlement,,Taneiti,2026-09-09,,5.0,POINT Z (178.45274128360157 -18.150462784771697 0)
,Settlement,,Taneiti,2026-09-09,,5.0,POINT Z (178.45229857755544 -18.14925290180306 0)
,Forest,,Taneiti,2026-09-09,,2.0,POINT Z (178.45258500859575 -18.149994553219685 0)
,Forest,,Taneiti,2026-09-09,,2.0,POINT Z (178.45265812288557 -18.149710272930367 0)
,Settlement,,Taneiti,2026-09-09,,5.0,POINT Z (178.45337561037047 -18.14992324601321 0)
,Settlement,,Taneiti,2026-09-09,,5.0,POINT Z (178.45339297834204 -18.150222359337736 0)
,Settlement,,Taneiti,2026-09-09,,5.0,POINT Z (178.45350272712716 -18.149637602537815 0)
,Grassland,,Taneiti,2026-09-09,,3.0,POINT Z (178.45425128009154 -18.149995288258204 0)
,Grassland,,Marisela,2026-09-09,,3.0,POINT Z (178.45298221999994 -18.14969487 69.97412109375)
,Grassland,,Marisela,2026-09-09,,3.0,POINT Z (178.45379931999997 -18.14998044 66.50030517578125)
,Grassland,,Marisela,2026-09-09,,3.0,POINT Z (178.45389115 -18.14992886 63.98846435546875)
,Grassland,,Marisela,2026-09-09,,3.0,POINT Z (178.45394246999996 -18.14975851 62.67230224609375)
,Grassland,,Marisela,2026-09-09,,3.0,POINT Z (178.45394998 -18.14984358 65.2901611328125)
,Grassland,,Marisela,2026-09-09,,3.0,POINT Z (178.45407811999996 -18.15000309 64.62139892578125)
,Grassland,,Marisela,2026-09-09,,3.0,POINT Z (178.45418084 -18.15006562 65.8870849609375)
,Grassland,,Marisela,2026-09-09,,3.0,POINT Z (178.4542809 -18.14993142 64.15814208984375)
,Grassland,,Marisela,2026-09-09,,3.0,POINT Z (178.45439545999997 -18.14990451 64.20703125)
,Grassland,,Marisela,2026-09-09,,3.0,POINT Z (178.4541115180997 -18.150187930853683 0)
,Grassland,,Marisela,2026-09-09,,3.0,POINT Z (178.4541115180997 -18.150187930853683 0)
,Grassland,,Marisela,2026-09-09,,3.0,POINT Z (178.45413208032954 -18.150230361261897 0)
,,,Marisela,2026-09-09,,,POINT Z (178.45408952012232 -18.150052309337614 0)
,Forest,,Marisela,2026-09-09,,2.0,POINT Z (178.45400987793855 -18.149383214741935 0)
,Forest,,Marisela,2026-09-09,,2.0,POINT Z (178.45372563742038 -18.14981624353998 0)
,,Sand,Marisela,2026-09-09,,,POINT Z (178.45458670539185 -18.150149108786174 0)
,,Sand,Marisela,2026-09-09,,,POINT Z (178.45455233265275 -18.150159996790837 0)
,,Sand,Marisela,2026-09-09,,,POINT Z (178.45450511232332 -18.150173674968325 0)
,,Sand,Marisela,2026-09-09,,,POINT Z (178.454463034071 -18.150195230673493 0)
,,Rock,Marisela,2026-09-09,,,POINT Z (178.45420977090774 -18.150354531357443 0)
,,Rock,Marisela,2026-09-09,,,POINT Z (178.45422639984392 -18.150334641263946 0)
,,Rock,Marisela,2026-09-09,,,POINT Z (178.45418930824425 -18.150375357074115 0)
,,Deeps,Marisela,2026-09-09,,,POINT Z (178.45549401620772 -18.15188145580525 0)
,,Deeps,Marisela,2026-09-09,,,POINT Z (178.4553908176625 -18.152058266173206 0)
,,Rock,Marisela,2026-09-09,,,POINT Z (178.455240122975 -18.152364054501685 0)
,,Deeps,Marisela,2026-09-09,,,POINT Z (178.45619301839278 -18.15177608001327 0)
,,Deeps,Marisela,2026-09-09,,,POINT Z (178.45517513234236 -18.153005976776722 0)
,,Sediment,Marisela,2026-09-09,,,POINT Z (178.4541407500151 -18.150319341267704 0)
,,,Marisela,2026-09-09,,,POINT Z (178.45400307152082 -18.150487984394616 0)
,,Sediment,Marisela,2026-09-09,,,POINT Z (178.45398991186764 -18.150522706098837 0)
,,Sediment,Marisela,2026-09-09,,,POINT Z (178.4537204108993 -18.150357631014234 0)
,,Sediment,Marisela,2026-09-09,,,POINT Z (178.4537204108993 -18.150357631014234 0)
,Forest,,Marisela,2026-09-09,,2.0,POINT Z (178.4536794528004 -18.150027236725368 0)
,Forest,,Marisela,2026-09-09,,2.0,POINT Z (178.4536264423279 -18.149905406150722 0)
,Forest,,Marisela,2026-09-09,,2.0,POINT Z (178.45344635322752 -18.150378858421533 0)
,Forest,,Marisela,2026-09-09,,2.0,POINT Z (178.4531072469282 -18.150167019922048 0)
,Forest,,Marisela,2026-09-09,,2.0,POINT Z (178.4528061636333 -18.149894642031658 0)
,Forest,,Marisela,2026-09-09,,2.0,POINT Z (178.4529405584078 -18.150323284261844 0)
,Grassland,,Marisela,2026-09-09,,3.0,POINT Z (178.45296088402185 -18.14930533831117 0)
,Grassland,,Marisela,2026-09-09,,3.0,POINT Z (178.45296832798385 -18.14925340367048 0)
,Grassland,,Marisela,2026-09-09,,3.0,POINT Z (178.45298750329002 -18.14918801619201 0)
,Grassland,,Marisela,2026-09-09,,3.0,POINT Z (178.4528687792223 -18.149295746414683 0)
,Settlement,,Riya,2026-09-09,,5.0,POINT Z (178.45419934527183 -18.15084605612218 0)
,Settlement,,Riya,2026-09-09,,5.0,POINT Z (178.4542063121048 -18.150956004242214 5.147151121869683)
,Settlement,,Riya,2026-09-09,,5.0,POINT Z (178.45405508543547 -18.15088595571349 4.648264490999281)
,Settlement,,Riya,2026-09-09,,5.0,POINT Z (178.45394084397722 -18.150855776475773 3.448206214234233)
,Settlement,,Riya,2026-09-09,,5.0,POINT Z (178.4538744560542 -18.15070449479535 3.461482086218894)
,Forest,,Riya,2026-09-09,,2.0,POINT Z (178.45371814201366 -18.1507554892441 3.289647527970374)
,Forest,,Riya,2026-09-09,,2.0,POINT Z (178.45359812647223 -18.150683233602706 4.4441530238837)
,Settlement,,Riya,2026-09-09,,5.0,POINT Z (178.45348824896936 -18.15077168848581 3.275634818710387)
,Settlement,,Riya,2026-09-09,,5.0,POINT Z (178.45330638662082 -18.150685741718725 3.963293980807066)
,Settlement,,Riya,2026-09-09,,5.0,POINT Z (178.45314438459675 -18.150669779570528 4.529315203428268)
,Settlement,,Riya,2026-09-09,,5.0,POINT Z (178.45297433073765 -18.150641876036314 5.587128089740872)
,Forest,,Riya,2026-09-09,,2.0,POINT Z (178.45292814665427 -18.150723644351462 4.750625615939498)
,Settlement,,Riya,2026-09-09,,5.0,POINT Z (178.4526986580088 -18.1506145504511 5.507034266367555)
,Forest,,Riya,2026-09-09,,2.0,POINT Z (178.45252320444072 -18.150608336036086 5.766896766610444)
,Settlement,,Riya,2026-09-09,,5.0,POINT Z (178.45238321684081 -18.150506089572545 5.080783962272108)
,Settlement,,Riya,2026-09-09,,5.0,POINT Z (178.4524320103107 -18.1503488168654 6.098936369642615)
,Forest,,Riya,2026-09-09,,2.0,POINT Z (178.4525664373068 -18.150127185365918 5.552928400225937)
,Forest,,Riya,2026-09-09,,2.0,POINT Z (178.4524591010545 -18.150006207084854 7.277203892357647)
,Forest,,Riya,2026-09-09,,2.0,POINT Z (178.4523863197131 -18.14981704452431 7.853698040358722)
,Grassland,,Riya,2026-09-09,,3.0,POINT Z (178.45234298429475 -18.149634387844202 6.624421359971166)
,Settlement,,Riya,2026-09-09,,5.0,POINT Z (178.45232816040817 -18.14932942238865 6.72305275965482)
,Grassland,,Riya,2026-09-09,,3.0,POINT Z (178.4525550075594 -18.14924334804696 6.04051723331213)
,Settlement,,Riya,2026-09-09,,5.0,POINT Z (178.45266783460525 -18.149387771525078 6.061461021192372)
,Grassland,,Riya,2026-09-09,,3.0,POINT Z (178.45287607689158 -18.1493827795102 8.309098516590893)
,Settlement,,Riya,2026-09-09,,5.0,POINT Z (178.45313274061255 -18.149391998333034 7.345583581365645)
,Forest,,Riya,2026-09-09,,2.0,POINT Z (178.4533834308211 -18.149498500184347 6.408350573852658)
,Settlement,,Riya,2026-09-09,,5.0,POINT Z (178.45363588634214 -18.149607181944464 6.045058336108923)
,Grassland,,Riya,2026-09-09,,3.0,POINT Z (178.45381388894705 -18.14952629696731 6.604781119152904)
,Settlement,,Riya,2026-09-09,,5.0,POINT Z (178.4537917131579 -18.149763275390576 6.662104905582964)
,Settlement,,Riya,2026-09-09,,5.0,POINT Z (178.45356451343426 -18.150098409450788 6.224760845303535)
,Grassland,,Riya,2026-09-09,,3.0,POINT Z (178.45382409884178 -18.150114077065925 6.12331529520452)
,Grassland,,Riya,2026-09-09,,3.0,POINT Z (178.45414018628668 -18.150033762324707 4.538681640289724)
,Grassland,,Riya,2026-09-09,,3.0,POINT Z (178.4545818681863 -18.14998313717093 3.417863046750426)
,Water,,Riya,2026-09-09,,6.0,POINT Z (178.45460657047272 -18.150188342741227 3.490016791038215)
,Water,,Riya,2026-09-09,,6.0,POINT Z (178.45434364129412 -18.15029256410905 3.866302916780114)
,Grassland,,Riya,2026-09-09,,3.0,POINT Z (178.45400105698235 -18.150562662684887 3.618970516137779)
,,,,,,,POINT Z (178.4537524828461 -18.14996729532164 0)
,Forest,,Adivuna ,2026-09-09,,2.0,POINT Z (178.45251758147816 -18.150685767791224 0)
,Forest,,Adivuna ,2026-09-09,,2.0,POINT Z (178.45236810766667 -18.150583045243884 0)
,Settlement,,Adivuna,2026-09-09,,5.0,POINT Z (178.45421784608376 -18.15094828069347 0)
,Settlement,,Adivuna ,2026-09-09,,5.0,POINT Z (178.45404835345832 -18.15088740817154 0)
,Settlement,,Adivuna ,2026-09-09,,5.0,POINT Z (178.45397094737737 -18.150812585667627 0)
,Settlement,,Adivuna ,2026-09-09,,5.0,POINT Z (178.45387352248238 -18.15067435417783 0)
,Settlement,,Adivuna ,2026-09-09,,5.0,POINT Z (178.4537253832585 -18.150608408841435 0)
,Settlement,,Adivuna ,2026-09-09,,5.0,POINT Z (178.45359592826105 -18.15072508134275 0)
,Settlement,,Adivuna ,2026-09-09,,5.0,POINT Z (178.45347314620162 -18.15076693124272 0)
,Settlement,,Adivuna ,2026-09-09,,5.0,POINT Z (178.45331299568932 -18.150722544984852 0)
,Settlement,,Adivuna ,2026-09-09,,5.0,POINT Z (178.4531648564654 -18.15069718140386 0)
,Settlement,,Adivuna ,2026-09-09,,5.0,POINT Z (178.45299136007708 -18.15066928146053 0)
,Settlement,,Adivuna ,2026-09-09,,5.0,POINT Z (178.45281519451356 -18.15064518605134 0)
,Forest,,Adivuna ,2026-09-09,,2.0,POINT Z (178.45267773199043 -18.150666745101823 0)
,Settlement,,Adivuna ,2026-09-09,,5.0,POINT Z (178.45231472416253 -18.15043339994342 0)
,Settlement,,Adivuna ,2026-09-09,,5.0,POINT Z (178.4523641039039 -18.150333213611336 0)
,Settlement,,Adivuna ,2026-09-09,,5.0,POINT Z (178.45246553256166 -18.150264731781675 0)
,Settlement,,Adivuna ,2026-09-09,,5.0,POINT Z (178.45249489348893 -18.150145522606785 0)
,Forest,,Adivuna ,2026-09-09,,2.0,POINT Z (178.45256963039463 -18.150078308887213 0)
,Forest,,Adivuna ,2026-09-09,,2.0,POINT Z (178.45247487467495 -18.1499248586004 0)
,Forest,,Adivuna ,2026-09-09,,2.0,POINT Z (178.45238545730552 -18.14978535822275 0)
,Grassland,,Adivuna ,2026-09-09,,3.0,POINT Z (178.45242282575845 -18.14963698042615 0)
,Grassland,,Adivuna ,2026-09-09,,3.0,POINT Z (178.452445 -18.149633333333334 56)
,Settlement,,Adivuna ,2026-09-09,,5.0,POINT Z (178.4523466666667 -18.149463333333333 61.8)
,Settlement,,Adivuna ,2026-09-09,,5.0,POINT Z (178.45244333333332 -18.149273333333333 49.5)
,Settlement,,Adivuna ,2026-09-09,,5.0,POINT Z (178.45259166666668 -18.14935 50.2)
,Settlement,,Adivuna ,2026-09-09,,5.0,POINT Z (178.45273 -18.149425 47.3)
,Grassland,,Adivuna ,2026-09-09,,3.0,POINT Z (178.452875 -18.149351666666664 51.3)
,Settlement,,Adivuna ,2026-09-09,,5.0,POINT Z (178.45300833333332 -18.14937666666666 52.4)
,Settlement,,Adivuna ,2026-09-09,,5.0,POINT Z (178.453175 -18.149375 53)
,Settlement,,Adivuna ,2026-09-09,,5.0,POINT Z (178.4533083333333 -18.14935333333333 52.8)
,Settlement,,Adivuna ,2026-09-09,,5.0,POINT Z (178.4534766666667 -18.14939 53.4)
,Settlement,,Adivuna ,2026-09-09,,5.0,POINT Z (178.4535783333333 -18.149483333333325 58.2)
,Settlement,,Adivuna ,2026-09-09,,5.0,POINT Z (178.45367666666667 -18.14963 58)
,Grassland,,Adivuna ,2026-09-09,,3.0,POINT Z (178.4538366666667 -18.149568333333335 57.9)
,Settlement,,Adivuna ,2026-09-09,,5.0,POINT Z (178.4538 -18.149705 50.5)
,Settlement,,Adivuna ,2026-09-09,,5.0,POINT Z (178.453575 -18.149945 46.8)
,Grassland,,Adivuna ,2026-09-09,,3.0,POINT Z (178.45380333333333 -18.150021666666653 51.1)
,Grassland,,Adivuna ,2026-09-09,,3.0,POINT Z (178.45411666666666 -18.149983333333335 56.4)
,Settlement,,Adivuna ,2026-09-09,,5.0,POINT Z (178.45453333333336 -18.149916666666662 55.9)
,Water,,Adivuna ,2026-09-09,,6.0,POINT Z (178.454625 -18.150175 51.1)
,Water,,Adivuna ,2026-09-09,,6.0,POINT Z (178.45444833333332 -18.150235 49)
,Water,,Adivuna ,2026-09-09,,6.0,POINT Z (178.45428333333336 -18.150293333333323 48.5)
,Water,,Adivuna ,2026-09-09,,6.0,POINT Z (178.45414833333328 -18.1504 54.6)
,Water,,Adivuna ,2026-09-09,,6.0,POINT Z (178.45412166666665 -18.150578333333332 52.6)
,Settlement,,Adivuna ,2026-09-09,,5.0,POINT Z (178.45417833333335 -18.150778333333335 57.8)
Roads,Settlement,Rubble,Divisha & Naaila,2026-09-09,Next to the mango tree,5.0,POINT Z (178.45247836963236 -18.14924350269908 0)
,Grassland,Sediment,Divisha & Naaila,2026-09-09,Next to coconut tree,3.0,POINT Z (178.4525783194341 -18.149229187889652 0)
,Grassland,,Divisha & Naaila,2026-09-09,Next to the palm tree,3.0,POINT Z (178.45255389351567 -18.149364394907163 0)
,Settlement,,Divisha & Naaila,2026-09-09,Next to the palm tree ,5.0,POINT Z (178.4526915385394 -18.149519741782125 0)
,Settlement,,Divisha & Naaila,2026-09-09,Infront of the L66 building ,5.0,POINT Z (178.45291986214258 -18.14954409611511 0)
,Grassland,,Divisha & Naaila,2026-09-09,Infront of the palm tree,3.0,POINT Z (178.4529928468984 -18.149767992514366 0)
,Settlement,,Divisha & Naaila,2026-09-09,Next to the pole,5.0,POINT Z (178.4532010652504 -18.149994004777316 0)
,Settlement,,Divisha & Naaila,2026-09-09,Infront of the marine lecture hall ,5.0,POINT Z (178.45334009346146 -18.15010398844254 0)
,Settlement,,Divisha & Naaila ,2026-09-09,Infront of the bure ,5.0,POINT Z (178.4536995678145 -18.150146358344728 0)
,Grassland,,Divisha & Naaila ,2026-09-09,In the middle of the field ,3.0,POINT Z (178.45407216737084 -18.14997525457501 0)
,Grassland,,Divisha & Naaila ,2026-09-09,Under the coconut tree ,3.0,POINT Z (178.45432997985284 -18.150203746970735 0)
,Grassland,,Divisha & Naaila ,2026-09-09,Next to the paddle board ,3.0,POINT Z (178.45450643804193 -18.149960077767776 0)
,Water,Sand,Divisha & Naaila ,2026-09-09,Near the shoreline ,6.0,POINT Z (178.45467966759946 -18.15012460261057 0)
,Water,Rock,Divisha & Naaila ,2026-09-09,Next to the coconut tree ,6.0,POINT Z (178.45419521964027 -18.15036274749311 0)
,Settlement,,Divisha & Naaila ,2026-09-09,Next to the security booth ,5.0,POINT Z (178.45418262664356 -18.150906383649644 0)
,Settlement,,Divisha & Naaila ,2026-09-09,Next to the boat,5.0,POINT Z (178.45391311349948 -18.15072604543526 0)
,Settlement,,Divisha & Naaila ,2026-09-09,Next to the back parking area ,5.0,POINT Z (178.45351270076583 -18.150420526673244 0)
,Grassland,,KV,2026-09-09,,3.0,POINT Z (178.45426849999996 -18.14997114 65.58111572265625)
,Settlement,,KV,2026-09-09,,5.0,POINT Z (178.45456983000003 -18.14995213 66.11236572265625)
,Water,,KV,2026-09-09,,6.0,POINT Z (178.45459718999996 -18.15017884 61.45556640625)
,,,,,,,POINT Z (178.45419196999998 -18.15098788 59.5963134765625)
,Settlement,,KV,,,5.0,POINT Z (178.45419706 -18.15099278 59.458740234375)
,,,,,,,POINT Z (178.45403442 -18.15090972 62.546630859375)
,Settlement,,KV,,,5.0,POINT Z (178.45404799 -18.15091081 62.1239013671875)
,Settlement,,KV,2026-09-09,,5.0,POINT Z (178.45388517 -18.15081521 63.305908203125)
,Forest,,KV,2026-09-09,,2.0,POINT Z (178.45372129403376 -18.150885215940953 0)
,Settlement,,KV,2026-09-09,,5.0,POINT Z (178.45372129403376 -18.150885215940953 0)
,Settlement,,KV,2026-09-09,,5.0,POINT Z (178.45372129403376 -18.15095026257926 0)
,Forest,,KV,2026-09-09,,2.0,POINT Z (178.45372129403376 -18.15095026257926 0)
,Forest,,KV,2026-09-09,,2.0,POINT Z (178.45372129403376 -18.15095026257926 0)
,Forest,,KV,2026-09-09,,2.0,POINT Z (178.45372129403376 -18.15095026257926 0)
,Settlement,,KV,2026-09-09,,5.0,POINT Z (178.45372129403376 -18.15095026257926 0)
,Settlement,,KV,2026-09-09,,5.0,POINT Z (178.45372129403376 -18.15095026257926 0)
,Forest,,KV,2026-09-09,,2.0,POINT Z (178.45372129403376 -18.15095026257926 0)
,,,,,,,POINT Z (178.45247316999993 -18.14992292 68.2762451171875)
,Grassland,,KV,2026-09-09,,3.0,POINT Z (178.45240993 -18.1497925 66.97882080078125)
,Forest,,KV,2026-09-09,,2.0,POINT Z (178.45226900999998 -18.14979467 66.7034912109375)
,Settlement,,KV,2026-09-09,,5.0,POINT Z (178.45222819 -18.14952815 67.01812744140625)
,Settlement,,KV,2026-09-09,,5.0,POINT Z (178.45242927 -18.1492006 64.78106689453125)
,Settlement,,KV,2026-09-09,,5.0,POINT Z (178.45263449 -18.14939872 64.13922119140625)
,Grassland,,KV,2026-09-09,,3.0,POINT Z (178.45286514 -18.14934831 66.3961181640625)
,Settlement,,KV,2026-09-09,,5.0,POINT Z (178.453144 -18.14941801 66.04364013671875)
,Settlement,,KV,2026-09-09,,5.0,POINT Z (178.45330843 -18.14945408 64.526611328125)
,Settlement,,KV,2026-09-09,,5.0,POINT Z (178.45363738 -18.14962955 63.80517578125)
,Grassland,,KV,2026-09-09,,3.0,POINT Z (178.45380409 -18.149575559999985 65.094482421875)
,Settlement,,KV,2026-09-09,,5.0,POINT Z (178.45360404 -18.14991139 64.200927734375)
,Grassland,,KV,2026-09-09,,3.0,POINT Z (178.45384384 -18.15002992 63.66265869140625)
,Water,,KV,2026-09-09,,6.0,POINT Z (178.45439742999994 -18.15025305 61.729248046875)
,Water,,KV,2026-09-09,,6.0,POINT Z (178.45418666999996 -18.15037968 61.63970947265625)
,Water,,KV,2026-09-09,,6.0,POINT Z (178.45409079999996 -18.15060517 64.0087890625)
,Settlement,,KV,2026-09-09,,5.0,POINT Z (178.45415895 -18.15079827 66.20745849609375)
Commercial buildings  zones,Settlement,,Nathan,2026-09-09,Marine Campus Building,5.0,POINT Z (178.45420480705798 -18.150880644097924 62)
Commercial buildings  zones,Settlement,,Nathan,2026-09-09,Marine Campus Building,5.0,POINT Z (178.45412584953004 -18.150921799242496 61)
Commercial buildings  zones,Settlement,,Nathan,2026-09-09,Marine Campus Building,5.0,POINT Z (178.45407673157752 -18.150880392640826 62)
Commercial buildings  zones,Settlement,,Nathan,2026-09-09,Marine Campus Building,5.0,POINT Z (178.45400674268598 -18.15084326080978 62)
Commercial buildings  zones,Settlement,,Nathan,2026-09-09,Near the boats,5.0,POINT Z (178.45392862334847 -18.15077951643616 63)
Roads,Water,,Nathan,2026-09-09,Near the boats,6.0,POINT Z (178.45378839410836 -18.150661876425147 66)
Roads,Water,,Nathan,2026-09-09,Near the boats,6.0,POINT Z (178.45371974632144 -18.15061145927757 66)
Roads,Water,,Nathan,2026-09-09,Near the buildings and trees,6.0,POINT Z (178.45362637192008 -18.150532711297274 65)
Roads,Water,,Nathan,2026-09-09,Near the Lecture Room Theatre,6.0,POINT Z (178.4535104501992 -18.150404007174075 65)
Roads,Water,,Nathan,2026-09-09,Near the Lecture Room Theatre,6.0,POINT Z (178.45345722511408 -18.150250702165064 66)
Roads,Water,,Nathan,2026-09-09,Near the Lecture Room Theatre and Marine Campus Buildings,6.0,POINT Z (178.45341841690242 -18.150107874535024 67)
Roads,Water,,Nathan,2026-09-09,Near the Lecture Room Theatre and Marine Campus Buildings,6.0,POINT Z (178.4533190075308 -18.150023049674925 67)
Roads,Water,,Nathan,2026-09-09,Near Marine Campus Buildings,6.0,POINT Z (178.45327885821456 -18.149965130724016 67)
Roads,Water,,Nathan,2026-09-09,Near Marine Campus Buildings,6.0,POINT Z (178.45323225483295 -18.149927160702642 66)
Roads,Water,,Nathan,2026-09-09,Near Marine Campus Buildings and trees,6.0,POINT Z (178.45317475497723 -18.149881856516004 67)
Roads,Water,,Nathan,2026-09-09,Near Marine Campus Buildings and trees,6.0,POINT Z (178.4531204928321 -18.149823859119937 0)
Roads,Water,,Nathan,2026-09-09,Near Marine Campus Buildings and trees,6.0,POINT Z (178.45302019268274 -18.149680690839883 65)
Other,Grassland,Sediment,Nathaniel Lawevuso,2026-09-09,Lower Campus Ground ,3.0,POINT Z (178.45379472475258 -18.150015903939252 0)
Other,Grassland,,Nathan,2026-09-09,Lower campus ground ,3.0,POINT Z (178.45399249345064 -18.15002040937542 60)
Other,Grassland,,Nathan,2026-09-09,Lower campus ground ,3.0,POINT Z (178.45416440628463 -18.150006453506645 60)
Other,Grassland,,Nathan,2026-09-09,Lower campus ground ,3.0,POINT Z (178.45430647954342 -18.149995137937367 63)
Other,Grassland,,Nathan,2026-09-09,Lower campus ground ,3.0,POINT Z (178.45445668324825 -18.150045555084937 64)
Other,Water,,Nathan,2026-09-09,Lower campus ground ,6.0,POINT Z (178.45454595051703 -18.150114621967077 62)
Other,Water,,Nathan,2026-09-09,,6.0,POINT Z (178.45457763567936 -18.150174515460144 0)
Other,Water,,Nathan,2026-09-09,,6.0,POINT Z (178.4544884506613 -18.150205775164068 60)
Other,Water,,Nathan,2026-09-09,,6.0,POINT Z (178.45441846176982 -18.1502394285053 61)
Other,Water,,Nathan,2026-09-09,,6.0,POINT Z (178.45434587448838 -18.15026256255805 61)
Other,Water,,Nathan,2026-09-09,Water,6.0,POINT Z (178.45426691696048 -18.1503073638305 59)
Other,Water,,Nathan,2026-09-09,Near the Water and Ground ,6.0,POINT Z (178.45411889255047 -18.150379532016814 61)
Other,Water,,Nathan,2026-09-09,Near the Water and Ground and under the coconut tree ,6.0,POINT Z (178.45405720174313 -18.15049448981881 61)
Commercial buildings  zones,Settlement,,Nathan,2026-09-09,Narune Campys Building,5.0,POINT Z (178.4540312178433 -18.150640754029155 61)
Commercial buildings  zones,Settlement,,Nathan,2026-09-09,Marine Campus Building,5.0,POINT Z (178.45410187728697 -18.150764051824808 60)
Commercial buildings  zones,Settlement,,Nathan,2026-09-09,Marine Campus Building,5.0,POINT Z (178.4541613049805 -18.15081899520009 62)
,Settlement,,Litea,2026-09-09,,5.0,POINT Z (178.45421839882786 -18.150917367227606 2.189682652242482)
,Settlement,,Litea,2026-09-09,,5.0,POINT Z (178.45413023929808 -18.15098019585922 2.714451689273119)
,Settlement,,Litea,2026-09-09,,5.0,POINT Z (178.45402568780779 -18.150916603932362 2.474719776771963)
,Settlement,,Litea,2026-09-09,,5.0,POINT Z (178.45395333686454 -18.15082116303936 2.175146300345659)
,Settlement,,Litea,2026-09-09,,5.0,POINT Z (178.45388373413107 -18.150703427566018 2.450191209092736)
,Settlement,,Litea,2026-09-09,,5.0,POINT Z (178.4537617983532 -18.150638132769586 3.243780863471329)
,Forest,,Litea,2026-09-09,,2.0,POINT Z (178.45371766673907 -18.150759801634564 3.066663056612015)
,Forest,,Litea,2026-09-09,,2.0,POINT Z (178.4536409163031 -18.15069632393995 2.841917325742543)
,Settlement,,Litea,2026-09-09,,5.0,POINT Z (178.45351556661552 -18.150754672244528 3.005448753945529)
,Settlement,,Litea,2026-09-09,,5.0,POINT Z (178.4533252342314 -18.15072270704032 3.648456156253815)
,Grassland,,Litea,2026-09-09,,3.0,POINT Z (178.45318412328214 -18.15071685445651 4.493253099732101)
,Forest,,Litea ,2026-09-09,,2.0,POINT Z (178.452904239469 -18.1506827868713 5.631750312633812)
,Forest,,Litea,2026-09-09,,2.0,POINT Z (178.45260030103296 -18.15077823740604 0)
,Forest,,Litea,2026-09-09,,2.0,POINT Z (178.45262580354577 -18.15068570953182 5.401809133589268)
,Settlement,,Litea,2026-09-09,,5.0,POINT Z (178.45236851036276 -18.150398978300235 5.07258290797472)
,Forest,,Litea,2026-09-09,,2.0,POINT Z (178.45252993007762 -18.150070336159246 5.565521500073373)
,Grassland,,Litea,2026-09-09,,3.0,POINT Z (178.45241981926 -18.149654088164258 5.221770329400897)
,Settlement,,Litea,2026-09-09,,5.0,POINT Z (178.45229792452596 -18.149292029208404 5.304551884531975)
,Settlement,,Litea,2026-09-09,,5.0,POINT Z (178.45249062289128 -18.149239032907595 5.347344023175538)
,Grassland,,Litea,2026-09-09,,3.0,POINT Z (178.45287400948894 -18.149430993104488 6.494434981606901)
,Settlement,,Litea,2026-09-09,,5.0,POINT Z (178.45309316729922 -18.149407924514993 6.378996106795967)
,Forest,,Litea,2026-09-09,,2.0,POINT Z (178.4533961461914 -18.14948782136396 6.310557572171092)
,Grassland,,Litea,2026-09-09,,3.0,POINT Z (178.45377595159434 -18.14951873719037 6.255157778970897)
,Forest,,Litea,2026-09-09,,2.0,POINT Z (178.45364215089648 -18.149930811482374 6.101606365293264)
,Grassland,,Litea,2026-09-09,,3.0,POINT Z (178.4538334060338 -18.150076329082005 6.176733533851802)
,Grassland,,Litea,2026-09-09,,3.0,POINT Z (178.4542737946172 -18.149982344412944 3.145260852761567)
,Water,,Litea,2026-09-09,,6.0,POINT Z (178.4547531311256 -18.150138527451496 2.510278567671776)
,Water,,Litea,2026-09-09,,6.0,POINT Z (178.4545090202319 -18.150216133544106 2.522969461977482)
,Water,,,,,6.0,POINT Z (178.45412177319722 -18.150538597060542 2.444155359640718)
